AMS,Amsterdam Schiphol
AYT,Antalya
ATL,Atlanta,US
BKK,Bangkok-Suvarnabhumi
BCN,Barcelona,ES,41.297078,2.078463
BOS,Boston,US
CLT,Charlotte,US,35.214000,-80.943139
CTU,Chengdu
ORD,Chicago O’Hare,US
DFW,Dallas/Fort Worth,US
DEN,Denver,US
DTW,Detroit,US
DXB,Dubai
FRA,Frankfurt am Main,DE,50.026421,8.543125
CAN,Guangzhou
HKG,Hongkong
IAH,Houston,US
IST,Istanbul-Atatürk
CGK,Jakarta
KUL,Kuala Lumpur
LAS,Las Vegas,US
LGW,London-Gatwick,UK
LHR,London-Heathrow,UK,51.477500,-0.461389
LAX,Los Angeles,US,33.942522,-118.407161
MAD,Madrid-Barajas,ES
MNL,Manila
MEL,Melbourne
MEX,Mexiko-Stadt
MIA,Miami,US,25.793250,-80.290556
MSP,Minneapolis-Saint Paul,US
DME,Moskau-Domodedowo
SVO,Moskau-Scheremetjewo
MUC,München
BOM,Mumbai
DEL,Neu-Delhi-Indira Gandhi
JFK,New York-John-F.-Kennedy,US,40.639751,-73.778926
LGA,New York-LaGuardia,US
EWR,New York-Newark,US
MCO,Orlando,US
CDG,Paris-Charles de Gaulle,FR,49.009722,2.547778
ORY,Paris-Orly,FR
PEK,Peking
PHL,Philadelphia,US
PHX,Phoenix,US
FCO,Rom-Fiumicino
SFO,San Francisco,US
GRU,São Paulo-Guarulhos
SEA,Seattle-Tacoma
ICN,Seoul-Incheon
SHA,Shanghai-Hongqiao
PVG,Shanghai-Pudong
SZX,Shenzhen
SIN,Singapur
SYD,Sydney
TPE,Taiwan Taoyuan
HND,Tokio-Haneda
NRT,Tokio-Narita
YYZ,Toronto
